WKT,name,description
"POLYGON ((77.0923301 28.5910876, 77.0921907 28.5910217, 77.0921907 28.5904093, 77.0926306 28.5903999, 77.0934138 28.5903999, 77.0938429 28.5903717, 77.0938966 28.5910028, 77.0938966 28.5912007, 77.0942399 28.5912101, 77.0942399 28.5914268, 77.0950553 28.5914362, 77.0950445 28.5918318, 77.0953557 28.5927739, 77.0947978 28.5929623, 77.0944008 28.5925666, 77.0937142 28.5918036, 77.0930704 28.5913985, 77.0923301 28.5910876))",Polygon 1,Testing
